EntityCode,ProdMfr_Value__cleaned,ProdMfr_Value__cec
DISCE,Discover Energy Corp.,Discover Energy Corp.
NRGZR,Energizer Solar,Energizer Solar
GZMTP,GuangZhou MeriTech Power Co Ltd,GuangZhou MeriTech Power Co Ltd      
LUNNA,Lunna,Lunna
MANGO,MANGO POWER TECH INC.,MANGO POWER TECH INC.
SZGSLE,"Shenzhen GSL Energy Co., Ltd.","Shenzhen GSL Energy Co., Ltd."
ASWEM,"Amerisolar-Worldwide Energy and Manufacturing USA Co., Ltd","Amerisolar-Worldwide Energy and Manufacturing USA Co., Ltd"
DUCAL,DuCal Solar Technology LLC,DuCal Solar Technology LLC
EMMVEE,EMMVEE Photovoltaic Power Private Ltd.,EMMVEE Photovoltaic Power Private Limited
GOLDIS,Goldi Solar Private Limited,GOLDI SUN PRIVATE LIMITED
GREENL,Greenlite Solar Canada,Greenlite Solar Canada
GSTAR,G-Star Pte Ltd,G-Star Pte Ltd
HMGE,"HD HYUNDAI ENERGY SOLUTIONS CO., LTD.","HD HYUNDAI ENERGY SOLUTIONS CO., LTD."
HELIEN,Heliene,Heliene
JLYW,JOLYWOOD (TAIZHOU) SOLAR TECHNOLOGY CO LTD,JOLYWOOD (TAIZHOU) SOLAR TECHNOLOGY CO LTD
LNRG,LENERGY POWER INC,LENERGY POWER INC
LHE,"LIGHT&HOPE ENERGY CO.,LTD.","LIGHT&HOPE ENERGY CO.,LTD."
MAXEON,Maxeon Solar Technologies Ltd.,Maxeon Solar Technologies Ltd.
MUNDRA,Mundra Solar Energy Limited,Mundra Solar Energy Limited (Adani)
NUKO,Nuuko Solar GmbH,Nuuko Solar GmbH
PRISM,"Prism Solar Technologies, Inc.","Prism Solar Technologies, Inc."
NUSA,PT. NUSA SOLAR INDONESIA,PT. NUSA SOLAR INDONESIA
SOHOM,Solarhome Tech Inc.,Solarhome Tech Inc.
SLRTE,Solartech Energy,Solartech Energy
SNGN,Sungen Power LLC,Sungen Power LLC
SUNNI,Sunny International Power,Sunny International Power
SAKOP,"Suzhou Akcome Optronics Science & Technology Co., Ltd","Suzhou Akcome Optronics Science & Technology Co., Ltd"
TATA,Tata Power Renewables,Tata Power Renewables
WXSP,"Wuxi Suntech Power Co., Ltd","Wuxi Suntech Power Co., Ltd"
YINLE,Yingli Energy (China),Yingli Energy Development Co Ltd
CHINT,Chint Power,Chint Power Systems America
DISCE,Discover Energy Corp.,Discover Energy Systems Corp.
HOY,Hoymiles Converter Technology,Hoymiles Power Electronics Inc.
PWRC,Power Center,Power Center
PYLN,"PYLON TECHNOLOGIES CO.,LTD","PYLON TECHNOLOGIES CO.,LTD"
ARSD,Anhui Rinengzhongtian Semiconductor Development,Anhui Rinengzhongtian Semiconductor Development
AXITEC,AXITEC,AXITEC
CHLSE,Chinaland Solar Energy,Chinaland Solar Energy
CROSS,Crossroads Solar,Crossroads Solar
HALEE,"HALEE, Inc","HALEE, Inc"
HANWH,Hanwha Q-Cells,Hanwha Qcells (Qidong) Co. Ltd.
ILLUM,Illuminate USA LLC,Illuminate USA LLC
JAPAS,"Japan Solar (Infini Co., Ltd.)","Japan Solar (Infini Co., Ltd.)"
LGE,LG Electronics Inc.,LG Electronics Inc.
MARSIE,MAR SOLAR PANEL IMALATI VE ELEKTRIK URT. DAG. PRJ. HİZ. SAN. VE TİC. A.S.,MAR SOLAR PANEL IMALATI VE ELEKTRIK URT. DAG. PRJ. HİZ. SAN. VE TİC. A.S.
NEAST,"New East Solar Energy (Cambodia) Co.,Ltd.","New East Solar Energy (Cambodia) Co.,Ltd."
SHAAE,Shanghai Aerospace Automobile Electromechanical,Shanghai Aerospace Automobile Electromechanical
THRNV,Thornova Solar,Thornova Solar
TRNLC,Translucent Solar LLC,Translucent Solar LLC
VNSE,Venus Energy Limited,Venus Energy Limited
YINLE,Yingli Energy (China),Yingli Energy (China)
CESC,"CESC New Energy Technology Co., Ltd.","CESC New Energy Technology Co., Ltd."
EVEP,"EVE POWER CO., LTD.","EVE POWER CO., LTD."
GZFS,"Guangzhou Felicity Solar Technology Co., Ltd","Guangzhou Felicity Solar Technology Co., Ltd"
SAJE,"Guangzhou Sanjing Electric Co., Ltd.","Guangzhou Sanjing Electric Co., Ltd."
HUML,"Humless, LLC","Humless, LLC"
SZGNET,"Shenzhen Growatt New Energy Technology Co., Ltd","Shenzhen Growatt New Energy Co., Ltd."
BVST,"Boviet Solar Technology Co., Ltd.","Boviet Solar Technology Co., Ltd."
CENTRA,Centrosolar America,Centrosolar America
DUALS,DualSun SAS,DualSun SAS
FLEXT,Flextronics,Flextronics
GINTGE,Gintung Energy,Gintung Energy
GLPO,Global Power Services LLC,Global Power Services LLC
JZJPT,Jinzhou Jinmao Photovoltaic Technology,Jinzhou Jinmao Photovoltaic Technology
KBSO,KB Solar LLC,KB Solar LLC
KOSOL,KOSOL ENERGIE PVT. LTD.,KOSOL ENERGIE PVT. LTD.
RAYZON,RAYZON SOLAR PRIVATE LIMITED,RAYZON SOLAR PRIVATE LIMITED
RECSO,REC Solar,REC Group
SFRON,Solar Frontier K.K.,Solar Frontier K.K.
SOLIB,Solar Liberty,Solar Liberty
SNPLS,SUNPLUS OPTIMUM INC.,SUNPLUS OPTIMUM INC.
SNRIZ,Sunrise Solartech,Sunrise Solartech
STGRA,SunTegra,SunTegra
UNVRSL,Universal Solar Americas S.A.,Universal Solar Americas S.A.
VSNRGE,Vietnam Sunergy Joint Stock Company,Vietnam Sunergy Joint Stock Company
ARKB,ARK Battery LLC,ARK Battery LLC
DGLTVE,"Dongguan Lithium Valley Energy Co, Ltd","Dongguan Lithium Valley Energy Co, Ltd"
ECWR,Eco-Worthy,Eco-Worthy
EONB,e-ON Batteries Inc.,e-ON Batteries Inc.
GNNV,Geneverse Energy Inc.,Geneverse Energy Inc.
GZGPST,"Guangzhou Great Power Energy Storage Technology Co., Ltd","Guangzhou Great Power Energy Storage Technology Co., Ltd"
HZRPT,"Huizhou Roypow Technology Co., Ltd","Huizhou Roypow Technology Co., Ltd"
RCT,RCT Power Energy Technology Corporation,RCT Power Energy Technology Corporation
SOLARK,Sol-Ark,Sol-Ark
SGLD,Sun Gold Power Inc,Sun Gold Power Inc
BLNS,Belinus Solar BV,Belinus Solar BV
BYDCL,BYD Company Limited,BYD Company Limited
CNVLT,Convalt Manufacturing LLC,Convalt Manufacturing LLC
DUPA,Du Pont Apollo,Du Pont Apollo
EXELT,Exeltech,Exeltech
XIOM,"Exiom Solution, S. A.","Exiom Solution, S. A."
FREEV,FreeVolt,FreeVolt
GTMS,Gautam Solar Pvt. Ltd.,Gautam Solar Pvt. Ltd.
GE,General Electric Company,GE Energy
LPTN,"Leapton Energy Co., Ltd.","Leapton Energy Co., Ltd."
LUXCO,Luxco,Luxco
NEXTE,Next Energy Alliance LLC,Next Energy Alliance LLC
ORB,Orb Energy Private Limited,Orb Energy Private Limited
RAREM,Rare Manufacturing,Rare Manufacturing
RENES,Renesola America,Renesola America
SILFAB,Silfab Solar Inc.,Silfab Solar Inc.
SUNTEK,Suntech Power,Suntech Power
TLEDOS,Toledo Solar Inc.,Toledo Solar Inc.
TRINA,Trina Solar,Trina Solar
VIKRAM,Vikram Solar,Vikram Solar
HOLU,Holu Hou,Holu Hou Energy LLC
MKBT,MK BATTERY,MK BATTERY
PLRM,Polarium Inc.,Polarium Inc.
SZBYDE,"Shenzhen BYD Electronics Co., Ltd.","Shenzhen BYD Electronics Co., Ltd."
SGTK,"Sigenergy Technology Co., Ltd.","Sigenergy Technology Co., Ltd."
TROES,TROES Corp.,TROES Corp.
YOTTA,YOTTA ENERGY INC,"Yotta Energy, Inc."
AUXIS,Auxin Solar,Auxin Solar
CAT,"Caterpillar, Inc.",Caterpillar Inc.
CERTT,CertainTeed,CertainTeed
ELIN,Elin Energy (Sirius PV),Elin Energy (Sirius PV)
JSGEP,"Jiangsu Green Energy Power Technology Co., Ltd","Jiangsu Green Energy Power Technology Co., Ltd"
JULI,Juli New Energy,Juli New Energy
LOFS,LOF SOLAR CORP.,LOF SOLAR CORP.
SAATVK,Saatvik Green Energy (P) Limited,Saatvik Green Energy Limited
SFRM,"Solar Frame Solutions, Inc.","Solar Frame Solutions, Inc."
SOLUTL,SOLAR UTILITIES INC,SOLAR UTILITIES INC
TOPCO,TOPCO SOLAR INC.,TOPCO SOLAR INC.
XZFS,"Xuzhou Futuresolar Co., Ltd.","Xuzhou Futuresolar Co., Ltd."
CDNZA,Cadenza Innovation,Cadenza Innovation
CLNA,"Clean Air Investments, LLC.","Clean Air Investments, LLC."
JKRY,Jackery Inc.,Jackery Inc.
KWNT,Kowint Energy Inc.,Kowint Energy Inc.
LGE,LG Electronics Inc.,"LG Energy Solution, Ltd."
MIDN,MidNite Solar Inc,"MidNite Solar, Inc."
RNGNT,RNG International Inc.,RNG International Inc.
SELEC,Schneider Electric (US),"Schneider Electric USA, Inc."
STKRK,"StackRack Battery Systems, LLC","StackRack Battery Systems, LLC"
SNWDA,"Sunwoda Energy Technology Co., Ltd.","Sunwoda Energy Technology Co., Ltd."
XMAMP,Xiamen Ampace Technology Limited,Xiamen Ampace Technology Limited
BLUSS,"Bluesun Solar Co.,Ltd",BLUESUN GROUP LIMITED
CWENR,CW ENERJİ MÜHENDİSLİK TİCARET VE SANAYİ ANONİM ŞİRKETİ,CW ENERJİ MÜHENDİSLİK TİCARET VE SANAYİ ANONİM ŞİRKETİ
ENRGT,Energate Enerji Üretim San. A.Ş.,Energate Enerji Üretim San. A.Ş.
GERSO,GermanSolar USA,GermanSolar USA
HANER,"Hanersun Technology Co., Ltd.","Hanersun Technology Co., Ltd."
JETIS,"Jetion Solar (China) Co.,Ltd.","Jetion Solar (China) Co.,Ltd."
LASOL,La Solar LLC,La Solar LLC
MCNSL,"MECEN SOLAR VINA CO.,LTD","MECEN SOLAR VINA CO.,LTD"
PEIMAR,PEIMAR,PEIMAR
PWRSHN,PowerShingle LLC,PowerShingle LLC
SOVA,Sova Solar Limited,Sova Solar Limited
SFLARE,Sunflare Co.,Sunflare Co.
AESS,"Alpha ESS Co., Ltd.","Alpha ESS Co., Ltd."
ANKR,Anker Innovations Limited,Anker Innovations Limited
DARF,Darfon Electronics Corporation,Darfon Electronics Corp.
GDFE,"Guangdong Felicity New Energy Co., Ltd.","Guangdong Felicity New Energy Co., Ltd."
RCTP,"Jiangsu RCT Power Energy Technology Co., Ltd","Jiangsu RCT Power Energy Technology Co., Ltd"
OXIEN,"Oxford Intelligent Energy Co., Ltd.","Oxford Intelligent Energy Co., Ltd."
QCELL,Qcells North America,Qcells North America
REPBT,"REPT BATTERO Energy Co., Ltd.","REPT BATTERO Energy Co., Ltd."
SZACE,"SHENZHEN ACE BATTERY CO.,LTD.","SHENZHEN ACE BATTERY CO.,LTD."
SZPWR,"SHENZHEN POWEROAK NEWENER CO., LTD","SHENZHEN POWEROAK NEWENER CO., LTD"
SOLAX,"Solax Power Network Technology (Zhejiang) Co., Ltd","SolaX Power Network Technology (Zhe jiang) Co., Ltd."
SPTZR,SPITZER ENERGY COMPANY,SPITZER ENERGY COMPANY
YLNK,"Yilink New Energy Co., Ltd","Yilink New Energy Co., Ltd"
ELTPWR,EliTe Solar Power HongKong Limited,EliTe Solar Power HongKong Limited
ENPS,Enp Sonne Solar Technikk,Enp Sonne Solar Technikk
ENPH,Enphase Energy,"Enphase Energy, Inc."
GRAPE,Grape Solar,Grape Solar
LUMOS,Lumos,Lumos
MEYER,Meyer Burger (Industries) GmbH,Meyer Burger (Industries) GmbH
MITREX,Mitrex,Mitrex
PERFS,Perfect Source Technology,Perfect Source Technology
SHARP,Sharp,Sharp
SOLNG,"SOLAR LONG PV-TECH(CAMBODIA)CO.,LTD","SOLAR LONG PV-TECH(CAMBODIA)CO.,LTD"
SOCITY,SolarCity Corp,SolarCity Corp
SLARIA,Solaria Corporation,Solaria Corporation
SOLVS,SOLVIS d.o.o,SOLVIS d.o.o
WINAIC,WINAICO,WINAICO
ZJKSE,Zhejiang Kingdom Solar Energy Technic,Zhejiang Kingdom Solar Energy Technic
ZNSHIN,"ZNSHINE PV-TECH Co., Ltd.","ZNSHINE PV-TECH Co., Ltd."
EPNN,East Penn Manufacturing Co.,East Penn Manufacturing Co.
EES,"EndurEnergy Systems, Inc.","EndurEnergy Systems, Inc."
FORT,Fortress Power,Fortress Power LLC
LNIO,Liniotech,Liniotech
NEOV,NeoVolta,NeoVolta Inc.
SDSSP,"ShanDong Sacred Sun Power Sources Co., Ltd","ShanDong Sacred Sun Power Sources Co., Ltd"
ANJIT,Anji Technology,Anji Technology
APPM,Applied Materials,Applied Materials
CHINT,"Chint New Energy Technology Co., Ltd.","Chint New Energy Technology Co., Ltd."
DEHUI,DEHUI SOLAR POWER INC.,DEHUI SOLAR POWER INC.
JASOL,JA Solar,JA Solar
LUMA,LUMA Resources,Luma Resources LLC
LUXOR,Luxor Solar,Luxor Solar
MATE,"Mate Solar Co., Ltd.","Mate Solar Co., Ltd."
MITSU,Mitsubishi Electric,Mitsubishi Electric
PERL,Perlight Solar,Perlight Solar
PHONO,"Phono Solar Technology Co., Ltd.","Phono Solar Technology Co., Ltd."
PTIDN,PT IDN SOLAR TECH,PT IDN SOLAR TECH
SHSTS,Shanghai ST Solar,Shanghai ST Solar
SLRAM,Solar4America Technology Inc.,Solar4America Technology Inc.
SOLEVR,SOLAREVER TECNOLOGÍA DE AMERICA SA DE CV,SOLAREVER TECNOLOGÍA DE AMERICA SA DE CV
SPWR,SunPower Corporation,SunPower
UNTDRE,"United Renewable Energy Co., Ltd.","United Renewable Energy Co., Ltd."
WWPRC,"Win Win Precision Technology Co., Ltd.","Win Win Precision Technology Co., Ltd."
SNPRO,"Zhejiang Sunpro Power Technology Co., Ltd.","Zhejiang Sunpro Power Technology Co., Ltd."
ALTE,Altenergy Power System Inc.,Altenergy Power System Inc.
BSLE,"BSL New Energy Technology Co., Ltd.","BSL New Energy Technology Co., Ltd."
EG4E,EG4 Electronics LLC,EG4 Electronics LLC
GOODWT,"GoodWe Technologies Co., Ltd.","GoodWe Technologies Co., Ltd."
HNAS,"HINAESS TECH CO., LTD","HINAESS TECH CO., LTD"
SZGJYT,"Shenzhen Green Jiayuan Technology CO., Ltd","Shenzhen Green Jiayuan Technology CO., Ltd"
TSLA,Tesla,Tesla Inc.
ADVP,Advance Power,Advance Power
AIMS,AIMS Power,AIMS Power
ALTRE,"ALTERNATIVE ENERGY (AE) SOLAR CO., LTD.","ALTERNATIVE ENERGY (AE) SOLAR CO., LTD."
APLO,Apollo Renewables Inc,Apollo Renewables Inc
BLUSS,"Bluesun Solar Co.,Ltd","Bluesun Solar Co.,Ltd"
DEHUI,"Dehui Solar Power (Vietnam) Co.,Ltd","Dehui Solar Power (Vietnam) Co.,Ltd"
FRFE,Freedom Forever,Freedom Forever Procurement LLC
GCLSI,"GCL System Integration Technology Co., Ltd.","GCL System Integration Technology Co., Ltd."
GINTEK,Gintech Energy,Gintech Energy
HANER,"Hanersun Technology Co., Ltd.","Hanersun Energy Co., Ltd."
IMPRL,"IMPERIAL STAR SOLAR(CAMBODIA) CO., LTD.","IMPERIAL STAR SOLAR(CAMBODIA) CO., LTD."
JETIS,Jetion Solar (China),Jetion Solar (China)
JSXHNE,Jiangsu Xiehang New Energy Intelligent Equipment Co. Ltd,Jiangsu Xiehang New Energy Intelligent Equipment Co. Ltd
LGNE,Lightway Green New Energy,Lightway Green New Energy
SEG,SEG Solar Inc.,SEG Solar Inc.
SRPHM,"Seraphim Solar System Co.,Ltd.","Seraphim Solar System Co.,Ltd."
SONALI,Sonali Energees,Sonali Energees
SNPL,Sunpal Power Co. Ltd.,Sunpal Power Co. Ltd.
WLWF,Walters & Wolf Glass Co,Walters & Wolf Glass Co
HYBE,"Hongyibo New Energy Technology (Shenzhen) Co., Ltd.","Hongyibo New Energy Technology (Shenzhen) Co., Ltd."
LTHBT,Lithion Battery Inc.,Lithion Battery Inc.
PHZG,PhaseGreen Technology Inc.,PhaseGreen Technology Inc.
SWRNT,"Shenzhen Wirentech Co., Ltd.","Shenzhen Wirentech Co., Ltd."
SRCTP,"Suzhou RCT Power Energy Technology Co., Ltd","Suzhou RCT Power Energy Technology Co., Ltd"
XKDE,"Xiamen Kehua Digital Energy Tech Co., Ltd","Xiamen Kehua Digital Energy Tech Co., Ltd"
ZRET,"Zhuhai Ruixu Electronic Technology CO., LTD","Zhuhai Ruixu Electronic Technology CO., LTD"
AEG,AEG SOLAR ENERGY SRL,AEG SOLAR ENERGY SRL
ARKA,Arka Energy Inc,Arka Energy Inc
BRGHT,Bright Spot Solar LLC,Bright Spot Solar LLC
CHNGNS,CHEN GUNES ENERJISI SANAYI VE TICARET LIMITED SIRKETI.,CHEN GUNES ENERJISI SANAYI VE TICARET LIMITED SIRKETI.
DESOL,DE SOLAR(S) PTE. LTD.,DE SOLAR(S) PTE. LTD.
FIRSS,"First Solar, Inc.","First Solar, Inc."
GAF,GAF Energy LLC,GAF Energy LLC
GOLDIS,Goldi Solar Private Limited,Goldi Solar Private Limited
HELIOS,Helios USA,Helios USA
HNNS,Hounen Solar America Inc.,Hounen Solar America Inc.
PJYA,PT. JAYA ELECTRICAL ENERGY,PT. JAYA ELECTRICAL ENERGY
SKYCL,SKYCELL USA.,SKYCELL USA.
SOBIN,Solarbine,Solarbine
TSHNE,"Tangshan Haitai New Energy Technology Co., Ltd.","Tangshan Haitai New Energy Technology Co., Ltd."
USSOL,U.S. Solar,U.S. Solar
ZSRNE,Zhongshan Ruike New Energy Co Ltd,Zhongshan Ruike New Energy Co Ltd
BYDAI,BYD Auto Industry Company Limited,BYD Auto Industry Company Limited
ECOFL,EcoFlow Inc.,EcoFlow Inc.
JINKO,"Jinko Solar Co., Ltd","Jinko Solar Co., Ltd"
KORE,KORE Power,"KORE Power, Inc."
SZKSTR,Shenzhen Kstar New Energy Company Limited,Shenzhen Kstar New Energy Company Limited
ABLYT,Ablytek,Ablytek
CZNS,Changzhou Nesl Solartech,Changzhou Nesl Solartech
HYMTF,"HYUNDAI ENERGY SOLUTIONS CO., LTD.","HYUNDAI ENERGY SOLUTIONS CO., LTD."
LUMA,LUMA Resources,LUMA Resources
MSQRE,MSquare Energy Pty Ltd,MSquare Energy Pty Ltd
NBVCT,"Ningbo Victor Solar Technology Co., Ltd.","Ningbo Victor Solar Technology Co., Ltd."
PRMIR,PREMIER ENERGIES PHOTOVOLTAIC PRIVATE Ltd.,PREMIER ENERGIES PHOTOVOLTAIC PRIVATE Ltd.
RESN,Resun Solar Inc.,Resun Solar Inc.
SAATVK,Saatvik Green Energy (P) Limited,Saatvik Green Energy (P) Limited
SOLX,SOLEX ENERGY LTD,SOLEX ENERGY LTD
TSEC,TSEC,TSEC
YRNR,Your Energy Solutions,Your Energy Solutions
ATIW,ATI-Watt,ATI-Watt
DNSS,"Dyness Digital Energy Technology Co., LTD.","Dyness Digital Energy Technology Co., LTD."
FNSP,FnS Power Technology Inc,FnS Power Technology Inc
GTIO,"Gotion, Inc.","Gotion, Inc."
GRESL,"Greensun Solar Energy Tech Co., Limited","Greensun Solar Energy Tech Co., Limited"
RNHD,RUNHOOD POWER INC.,RUNHOOD POWER INC.
SPYTES,"Shanghai PYTES Energy Co., Ltd.","Shanghai PYTES Energy Co., Ltd."
SIMPLI,Simpliphi Power,"SimpliPhi Power, Inc."
ULTRC,"Ulectric Technology Co., Ltd","Ulectric Technology Co., Ltd"
ASPHZ,Advanced Solar Power (Hangzhou),Advanced Solar Power (Hangzhou)
ALXUS,Alexus Solar,Alexus Solar
ALLSN,Allesun Industries Inc.,Allesun Industries Inc.
ALPST,Alps Technology,Alps Technology
ENRGT,Energate Energy Inc.,Energate Energy Inc.
ESFD,ES Foundry Corp,ES Foundry Corp
LGGE,"LONGi Green Energy Technology Co., Ltd.","LONGi Green Energy Technology Co., Ltd."
MIASOL,Miasole,Miasole
DLTMS,PT. Deltamas Solusindo,PT. Deltamas Solusindo
RISEN,"Risen Energy Co., Ltd.","Risen Energy Co., Ltd."
SLPV,"Shenglong PV-tech (Cambodia) Co., LTD","Shenglong PV-tech (Cambodia) Co., LTD"
SLSPC,"Solarspace Technology Co., Ltd.","Solarspace Technology Co., Ltd."
SNMN,"Sunman (Zhenjiang) Co., Ltd.","Sunman (Zhenjiang) Co., Ltd."
SNPLT,SUNPLUS OPTIMUM LIMITED,SUNPLUS OPTIMUM LIMITED
SUNSTY,SUNSTYLE AG / LTD,SUNSTYLE AG / LTD
SZTST,"Suzhou Talesun Solar Technologies Co., Ltd.","Suzhou Talesun Solar Technologies Co., Ltd."
TWSHF,Tongwei Solar (Hefei),Tongwei Solar (Hefei)
TRINA,Trina Solar,"Trina Solar Co.,Ltd"
TSGLO,T-Solar Global,T-Solar Global
BAEBT,BAE Batteries USA,BAE Batteries USA
CNNB,"Contemporary Nebula Technology Energy Co.,  Ltd.","Contemporary Nebula Technology Energy Co.,  Ltd."
LUNAR,Lunar Energy,"Lunar Energy, Inc."
TWST,TWS Technology (Anhui) Limited,TWS Technology (Anhui) Limited
AESL,AE Solar GmbH,AE Solar GmbH
ADSEST,Anji Dasol Solar Energy Science & Technology,Anji Dasol Solar Energy Science & Technology
ASTRS,ASTORIOS Holding Inc.,ASTORIOS Holding Inc.
BILA,"Bila Solar, Inc.","Bila Solar, Inc."
DGSNWR,"DONGGUAN SUNWORTH SOLAR ENERGY CO., LTD","DONGGUAN SUNWORTH SOLAR ENERGY CO., LTD"
ERGSN,"Ergosun Holdings, LLC","Ergosun Holdings, LLC"
FSGRE,FS GREEN ENERGIES PRIVATE LIMITED,FS GREEN ENERGIES PRIVATE LIMITED
JYHP,Jiangyin Hareon Power,Jiangyin Hareon Power
MDSM,Midsummer AB,Midsummer AB
MISSON,Mission Solar Energy LLC,Mission Solar Energy LLC
PHILS,Philadelphia Solar,Philadelphia Solar
PTLSS,PT LESSO NEW ENERGY,PT LESSO NEW ENERGY
RECOM,Recom,Recom
RECSIL,RECOM SILLIA,RECOM SILLIA
RSI,RSI Holding,RSI Holding
SINO,Sinotec USA LLC,Sinotec USA LLC
SOPOW,Solar Power (SPI),Solar Power (SPI)
SBETZJ,Solarbest Energy-Tech (Zhejiang),Solarbest Energy-Tech (Zhejiang)
SOJUIC,SolarJuice American Inc.,SolarJuice American Inc.
SLRPO,Solartech Power,Solartech Power
TTHZ,"Toenergy Technology Hangzhou Co.,Ltd","Toenergy Technology Hangzhou Co.,Ltd"
TOPSUN,"Topsun Co., Ltd.","Topsun Co., Ltd."
UNTD,"United Energy Co., Ltd","United Energy Co., Ltd"
WAAREE,WAAREE ENERGIES LIMITED,WAAREE ENERGIES LIMITED
ZEBRA,Zebra Energy,Zebra Energy
CNAM,"Contemporary Amperex Technology Co., Limited","Contemporary Amperex Technology Co., Limited"
LION,Lion Energy,Lion Energy
DEYE,Ningbo Deye Inverter Technology,"NINGBO DEYE ESS TECHNOLOGY CO., LTD"
NVEL,"Novele, Inc.","Novele, Inc."
PCRFY,Panasonic Corporation of North America,PANASONIC CORPORATION OF NORTH AMERICA
SZUZE,Shenzhen UZ Energy Limited,Shenzhen UZ Energy Limited
SEDG,SolarEdge Technologies Inc,SolarEdge Technologies Ltd.
TIGOE,"Tigo Energy, Inc","Tigo Energy, Inc"
AMPS,AMPS Solar,AMPS Solar
APTOS,Aptos Solar Technology LLC,Aptos Solar Technology LLC
CZEPT,Changzhou Eging Photovoltaic Technology,"Changzhou EGing Photovoltaic Technology Co., Ltd."
GERSO,GermanSolar USA Inc.,GermanSolar USA Inc.
HANSOL,"Hansol Technics Co., Ltd.","Hansol Technics Co., Ltd."
HDGDM,Hengdian Group DMEGC Magnetics,"Hengdian Group DMEGC Magnetics Co., Ltd."
JSRNE,"Jiangsu Runergy New Energy Technology Co., Ltd","Jiangsu Runergy New Energy Technology Co., Ltd"
KNKA,Kaneka Corporation,Kaneka Corporation
MERLIN,"Merlin Solar Technologies, Inc.","Merlin Solar Technologies, Inc."
SENER,"S-Energy Co., Ltd.","S-Energy Co., Ltd."
SLRMX,Solarmax,Solarmax
SSPRK,SunSpark Technology Inc.,SunSpark Technology Inc.
SUNSTY,SUNSTYLE AG / LTD,SunStyle
WXISN,"Wuxi Sunket New Energy Technology Co., Ltd.","Wuxi Sunket New Energy Technology Co., Ltd."
WYONE,"WYONE TRADING, INC.","WYONE TRADING, INC."
BGST,"Briggs & Stratton, LLC","Briggs & Stratton, LLC"
HYPRN,Hyperian Energy Inc.,Hyperian Energy Inc.
LITN,Lite-On Technology Corporation,Lite-On Technology Corporation
OUTB,OutBack Power,Outback Power LLC
RENON,Renon Power Technology Inc.,Renon Power Technology Inc.
WLDS,"WORLD4SOLAR,INC.","WORLD4SOLAR,INC."
ARSD,"Anhui Rinengzhongtian Semiconductor Development Co., Ltd","Anhui Rinengzhongtian Semiconductor Development Co., Ltd"
APOSE,APOS Energy,APOS Energy
AUOC,AUO Corporation,AUO Corporation
BLUSS,"Bluesun Solar Energy Tech. Co.,Ltd","Bluesun Solar Energy Tech. Co.,Ltd"
CSIS,"CSI Solar Co., Ltd.","CSI Solar Co., Ltd."
ENAM,"Energy America, LLC","Energy America, LLC"
GAF,GAF,GAF
HYPER,Hyperion Solar,Hyperion Solar
LGHTN,LIGHT ENGINE ILUMINACAO S.A.,LIGHT ENGINE ILUMINACAO S.A.
MGNS,Magnus green solar LLC,Magnus green solar LLC
MUNDRA,Mundra Solar PV Ltd.,Mundra Solar PV Limited (Adani)
ONYX,ONYX SOLAR ENERGY S.L.,ONYX SOLAR ENERGY S.L.
RECOM,Recom,RECOM & Co Ltd.
SSEG,"Shinsung E&G Co., Ltd.","Shinsung E&G Co., Ltd."
ALTG,AltGrid Power LLC,AltGrid Power LLC
FFPWR,"Fengfan Co., Ltd. Power Supply Branch – SPT","Fengfan Co., Ltd. Power Supply Branch – SPT"
FOXSS,"FOXESS CO., LTD.","FOXESS CO., LTD."
IRONE,Iron Edison LLC,Iron Edison Battery Company LLC
SZBYEB,Shenzhen BYD Lithium Battery Company Limited,Shenzhen BYD Lithium Battery Company Limited
SOLNA,"Soluna(Shanghai)Co.,Ltd","Soluna(Shanghai)Co.,Ltd"
STORZP,Storz Power LLC,Storz Power LLC
XHTHE,"Xiamen Hithium Energy Storage Technology Co., Ltd.","Xiamen Hithium Energy Storage Technology Co., Ltd."
EOPNE,Eoplly New Energy Technology,Eoplly New Energy Technology
GRNZB,Grenzebach Envelon GmbH,Grenzebach Envelon GmbH
GDGGT,Guangdong Golden Glass Technologies,Guangdong Golden Glass Technologies
RECRT,ReCreate,ReCreate
SHAAE,"Shanghai Aerospace Automobile Electromechanical Co., Ltd.","Shanghai Aerospace Automobile Electromechanical Co., Ltd."
SONALI,Sonali Energees USA LLC,Sonali Energees USA LLC
STARS,Star Solar Inc.,Star Solar Inc.
SNVO,"SunEvo Solar Co., Ltd.","SunEvo Solar Co., Ltd."
